[
	{
		"itemId": "63695efd-0862-49f2-ace6-4d1758147fae",
		"reward": { "tier": "Common" },
		"quantity": 1,
		"craftTime": 5,
		"ingredientList": [
			{
				"quantity": 5,
				"itemId": "3440440b-d362-4473-aa03-b7c41e1fe7ad"
			},
			{
				"quantity": 1,
				"itemId": "63695efd-0862-49f2-ace6-4d1758147fae"
			}
		]
	},
	{
		"itemId": "27a221b1-9809-4df1-901a-caafe119c9b6",
		"reward": { "tier": "Rare" },
		"quantity": 1,
		"craftTime": 5,
		"ingredientList": [
			{
				"quantity": 10,
				"itemId": "3440440b-d362-4473-aa03-b7c41e1fe7ad"
			},
			{
				"quantity": 1,
				"itemId": "27a221b1-9809-4df1-901a-caafe119c9b6"
			}
		]
	},
	{
		"itemId": "7ab0cac7-b055-4283-b0bc-f85dd4d0416b",
		"reward": { "tier": "Epic" },
		"quantity": 1,
		"craftTime": 5,
		"ingredientList": [
			{
				"quantity": 20,
				"itemId": "3440440b-d362-4473-aa03-b7c41e1fe7ad"
			},
			{
				"quantity": 1,
				"itemId": "7ab0cac7-b055-4283-b0bc-f85dd4d0416b"
			}
		]
	}
]